Brand,AverageAttention,GrowthRate,AttentionMomentumScore
OpenAI,24.528301886792452,133.33333333333331,57.169811320754704
Canva,79.69811320754717,-16.049382716049383,50.9738644304682
Notion,5.509433962264151,0.0,3.8566037735849052
Grammarly,2.358490566037736,0.0,1.650943396226415
Perplexity AI,2.6792452830188678,-33.33333333333333,-8.12452830188679
